A,B,maxid,minid,famA,B_ess_mean,B_ess_min,B_ess_var,A_ess_mean,A_loss_freq,codep,coexpr,B_gtex_med,B_gtex_breadth,bioplex,diff,panc_partner_loss,B_panc_dep
INTS6L,INTS6,68.8839,68.0401,4,-0.77305377,-3.8807697,0.6098976,0.25345263,0.0493273542600896,0.1234156414866447,0.2102515399456024,3.15143,54.0,0,-1.2930527925491333,0.25,-0.825149
NXT2,NXT1,74.2857,73.2394,2,-0.31152508,-3.343883,0.34552884,0.20328614,0.0504484304932735,-0.1674182415008545,0.0776004120707511,24.15365,54.0,0,-0.7945953607559204,0.3541666666666667,-0.61138135
COPG2,COPG1,80.9414,80.9414,1,-1.4050097,-3.153662,0.42924055,-0.05542165,0.1961883408071749,0.0031940198969095,0.1348218470811844,84.55850000000001,54.0,0,-0.402052640914917,0.4583333333333333,-1.6591946
CDK16,CDK6,39.8773,26.2097,26,-0.44089383,-3.0070827,0.3563153,0.1274374,0.0504484304932735,-0.146718144416809,-0.1146151646971702,5.13879,53.0,0,-0.3831176161766052,0.3958333333333333,-0.60495526
PPP1R27,PPP1R12A,37.013,37.013,3,-1.1051822,-3.1050322,0.37943292,0.02826774,0.0986547085201793,-0.0689209252595901,-0.0211176127195358,30.03845,54.0,0,-0.3672858476638794,0.2708333333333333,-1.3206038
TUBB,TUBB4B,97.5225,97.5225,22,-0.2003465,-2.5763264,0.15642244,-1.8472339,0.1782511210762331,-0.1279323846101761,0.3960369825363159,198.101,54.0,0,-0.363633930683136,0.375,-0.42174768
NRAS,KRAS,84.5745,84.127,35,-0.4033601,-4.249555,0.5063061,-0.015625337,0.2085201793721973,-0.1603339165449142,0.2728804051876068,13.80505,54.0,0,-0.3591998517513275,0.4375,-1.9328641
PPP2CB,PPP2CA,97.411,97.411,12,-0.9288049,-4.537527,0.32938474,0.22939181,0.4674887892376682,0.0229483675211668,0.4160477221012115,49.02695,54.0,0,-0.3411231637001037,0.25,-1.2655326
NAPA,NAPG,26.4407,26.4407,2,-0.5946521,-2.6880171,0.23866571,-1.1208439,0.2320627802690583,0.2507733404636383,0.2043627202510833,20.1017,54.0,1,-0.3336650133132934,0.4583333333333333,-0.593098
SNAP29,SNAP23,23.2227,18.9922,3,-0.6688907,-3.5627155,0.46883097,-0.14683582,0.2690582959641255,-0.0917426422238349,0.2303056865930557,19.145,54.0,0,-0.3233962655067444,0.3541666666666667,-0.8875218
MAGOHB,MAGOH,98.6301,97.2973,1,-0.7076163,-2.641132,0.24263464,0.1737572,0.1883408071748878,0.1910907179117202,0.4319841563701629,26.66395,54.0,0,-0.3168803453445434,0.2916666666666667,-0.8061865
ACTR1B,ACTR1A,90.1596,90.1596,26,-0.76413524,-3.3035939,0.30108055,-0.17676233,0.1289237668161435,0.015306576155126,0.2951048016548157,76.1724,54.0,1,-0.3094410896301269,0.3125,-0.76119155
DDX39A,DDX39B,89.6955,89.6955,38,-0.49707502,-2.2462912,0.15850444,-0.040091027,0.2410313901345291,0.0082798646762967,0.3877066671848297,187.039,54.0,1,-0.3090174794197082,0.3541666666666667,-0.6467982
PFN2,PFN1,61.4286,61.4286,2,-0.76610464,-2.5439434,0.24729274,0.10620712,0.1143497757847533,-0.0711704939603805,0.1085085198283195,310.2225,54.0,0,-0.2809197902679443,0.2916666666666667,-0.9037673
ACTG1,ACTB,98.9333,98.9333,26,-0.64142084,-3.5489085,0.26070398,-0.63838845,0.140134529147982,0.1632175892591476,0.4558403789997101,2212.42,54.0,0,-0.2761027812957763,0.375,-0.6812032
VPS4B,VPS4A,81.2357,79.955,9,-0.20894031,-3.0158186,0.15630436,0.06120667,0.5044843049327354,0.2476045042276382,0.2871547341346741,55.8287,54.0,1,-0.2619623243808746,0.3958333333333333,-0.5333644
DHFR,TYMS,26.2032,26.2032,2,-0.399577,-3.535993,0.524909,-0.6625377,0.2410313901345291,0.5694584250450134,0.6597380638122559,3.47187,51.0,0,-0.2419842183589935,0.2708333333333333,-0.82143307
KIF17,KIF18A,20.9354,18.2879,22,-1.1913649,-4.095603,0.6387377,0.14773549,0.2982062780269058,-0.0024521718733012,0.1099188327789306,0.2652245,8.0,0,-0.2247982025146484,0.3125,-1.4149736
RABL2B,RAB6A,25.9615,23.5808,61,-0.40652233,-2.7833543,0.22884761,-0.005736428,0.0504484304932735,-0.0067045195028185,0.153908833861351,95.05035,54.0,0,-0.219548761844635,0.3125,-0.69768196
DDX39A,DDX3X,29.7424,29.7424,38,-0.886736,-2.9858932,0.33733502,-0.040091027,0.2410313901345291,0.0160679183900356,0.2476467937231063,90.15735,54.0,0,-0.2113028168678283,0.3541666666666667,-1.3129737
NDEL1,NDE1,56.1194,54.4928,1,-0.33783537,-2.3217456,0.13779804,0.095006414,0.3598654708520179,0.0722049176692962,0.3799509704113006,8.087745,54.0,1,-0.2073899507522583,0.25,-0.60047734
ARF5,ARF4,87.2222,87.2222,28,-0.5011231,-2.3864617,0.19119622,0.15767847,0.1883408071748878,-0.00072972336784,0.1509934812784195,110.724,54.0,1,-0.2067614495754242,0.2708333333333333,-0.645776
DDX17,DDX5,69.7068,58.7106,28,-0.57805455,-2.0349307,0.109734714,-0.049303092,0.3352017937219731,-0.0259937029331922,0.4214479327201843,321.2735,54.0,1,-0.2013772130012512,0.3125,-0.678732
CCNB2,CCNB1,55.2764,55.2764,11,-0.602259,-2.4921052,0.12733744,0.1315131,0.2522421524663677,-0.0049538034945726,0.7372639179229736,3.543645,52.0,0,-0.1886426210403442,0.25,-0.7246342
PABPC4,PABPC1,78.1447,75.303,16,-1.0258665,-2.3025045,0.21123183,0.11424307,0.1928251121076233,-0.1965968757867813,0.2842293381690979,338.1445,54.0,0,-0.1864634156227111,0.3333333333333333,-1.0767131
CDK2,CDK1,65.3199,65.1007,26,-2.493813,-3.9498494,0.31410265,-0.5548319,0.1491031390134529,0.0434976927936077,0.4307757914066314,1.487175,32.0,0,-0.1821157932281494,0.3541666666666667,-2.6208227
HMGB3,SMARCE1,22.0,22.0,16,-0.5643792,-1.7240806,0.11300649,0.20964058,0.0504484304932735,-0.0129443453624844,0.2659222185611725,24.4476,54.0,0,-0.1800514459609985,0.3333333333333333,-0.622678
CCT4,CCT3,32.6531,32.6531,11,-2.455272,-4.259594,0.20673881,-2.1126766,0.1278026905829596,0.1300302892923355,0.6172928810119629,96.09275,54.0,1,-0.1795079708099365,0.25,-2.521567
RPL36A,RPL36AL,99.0566,99.0566,1,-0.71350247,-2.2790482,0.08737345,-1.3868446,0.0504484304932735,0.0866756290197372,0.2046969980001449,352.9855,54.0,0,-0.1753100156784057,0.25,-0.7123788
PCBP1,HNRNPK,31.7416,31.7416,12,-2.3972538,-4.0612254,0.27712992,-1.204083,0.1221973094170403,-0.0613224320113658,0.482176125049591,268.7395,54.0,0,-0.1685128211975097,0.2916666666666667,-2.6086147
CCNJ,CCND1,20.0,15.4047,2,-0.935114,-4.3489437,0.88260597,0.04210598,0.2836322869955157,-0.0374466776847839,-0.1166983470320701,22.40565,53.0,0,-0.1616853475570678,0.2708333333333333,-1.3423542
ACTR3B,ACTR3,90.1914,90.1914,26,-0.348376,-2.4583652,0.07491607,0.1673937,0.0493273542600896,-0.0574428774416446,0.1489549875259399,40.8804,54.0,1,-0.1582493484020233,0.2916666666666667,-0.46484104
PSMB7,PSMB6,29.2887,25.2708,8,-1.7907768,-4.066187,0.62234485,-1.1217788,0.1973094170403587,-0.1580123752355575,0.5168469548225403,136.505,54.0,1,-0.1580233573913574,0.2708333333333333,-1.912083
TUBA1B,TUBA1C,98.441,98.0044,22,-0.7815503,-2.7103715,0.18533663,-0.8673666,0.1591928251121076,0.3734622299671173,0.4557183086872101,13.90645,54.0,1,-0.1523836851119995,0.3958333333333333,-0.8028248
ACTB,ACTG1,98.9333,98.9333,26,-0.63838845,-2.4566846,0.11379201,-0.64142084,0.1031390134529148,0.1632175892591476,0.4558403789997101,1292.535,54.0,0,-0.1515249609947204,0.25,-0.7116216
KIF17,KIF11,25.0,25.0,22,-2.770683,-4.4750023,0.44110852,0.14773549,0.2982062780269058,-0.0365484021604061,0.095655158162117,0.8436159999999999,18.0,0,-0.1509208679199218,0.3125,-2.6322737
RRP1B,RRP1,47.0716,28.628,1,-0.7086212,-2.2419426,0.11365533,0.17503299,0.289237668161435,0.0343228504061698,0.7660357356071472,15.5299,54.0,0,-0.1492748856544494,0.3333333333333333,-0.7664035
RBBP7,RBBP4,88.7059,88.7059,3,-1.2358023,-3.4376166,0.17539641,0.054144494,0.0504484304932735,0.0498017743229866,0.4196251034736633,36.79095,54.0,1,-0.1478387117385864,0.3958333333333333,-1.1767997
MYBL1,MYBL2,40.2857,37.5,2,-0.40685898,-2.456287,0.1454762,0.24668401,0.1681614349775785,-0.1373057812452316,0.2072239816188812,0.3057185,15.0,0,-0.1431290805339813,0.25,-0.4722501
EIF1B,EIF1,92.0354,92.0354,1,-1.003194,-3.1246767,0.14308517,0.20209572,0.3643497757847533,-0.0104728564620018,0.3563368022441864,409.643,54.0,0,-0.1426655650138855,0.4375,-1.0565714
PRELID3A,PRELID3B,70.3488,70.3488,3,-1.519837,-2.8981428,0.21307851,0.28691328,0.3172645739910314,-0.0769373029470443,0.0528556145727634,27.185650000000003,54.0,0,-0.1415238380432129,0.5208333333333334,-1.6472899
ARHGEF6,ARHGEF7,61.5979,61.5979,1,-0.23158112,-1.9105439,0.15228918,0.33178383,0.0246636771300448,0.0429982058703899,0.2386907786130905,20.95595,54.0,1,-0.1398698687553405,0.5416666666666666,-0.56561106
TFDP2,TFDP1,64.1463,58.9686,2,-0.5387903,-1.8022956,0.119590834,0.057356447,0.1098654708520179,-0.0896687507629394,0.1290990263223648,28.45325,54.0,0,-0.1390665769577026,0.3125,-0.5775533
PSMB7,PSMB3,24.3902,18.0505,8,-2.9394038,-4.3530393,0.21459734,-1.1217788,0.1973094170403587,0.1112335994839668,0.39496049284935,136.09949999999998,54.0,1,-0.139012336730957,0.2708333333333333,-3.1227677
PRKRA,ADAR,27.7955,27.7955,4,-0.32500824,-2.559133,0.16248251,-0.5094159,0.1625560538116592,0.2663460075855255,0.3402106463909149,77.92295,54.0,0,-0.1389161348342895,0.2708333333333333,-0.41959193
CCT7,CCT4,32.4675,32.2284,11,-2.1126766,-3.4709044,0.18567592,-0.73019713,0.132286995515695,-0.0244702231138944,0.798463761806488,93.1076,54.0,1,-0.1372101306915283,0.3333333333333333,-1.9406582
IMPDH1,IMPDH2,83.0739,71.2855,3,-0.3935462,-1.7348495,0.12956136,-0.101159334,0.1905829596412556,-0.039951879531145,0.1382906883955001,138.245,54.0,1,-0.1349377930164337,0.375,-0.57742435
TARBP2,PRKRA,46.0064,39.3443,6,-0.5094159,-3.2871485,0.33092126,-0.005663333,0.1446188340807175,-0.0090337544679641,0.2447296231985092,36.0138,54.0,1,-0.1333441436290741,0.2708333333333333,-0.54174477
USP50,USP8,38.9222,38.9222,41,-0.6601385,-2.2607613,0.09280822,0.06362446,0.2410313901345291,0.0973477065563201,0.33817920088768,6.0908750000000005,54.0,0,-0.1331461071968078,0.25,-0.6703923
CCT4,CCT6A,28.8136,28.3859,11,-1.2281265,-2.517488,0.14402914,-2.1126766,0.1278026905829596,0.0582722052931785,0.4832859337329864,96.4965,54.0,0,-0.1330598592758178,0.25,-1.0220673
YJU2,YJU2B,29.4118,29.4118,1,-0.64539343,-1.9858363,0.10930189,-1.4876162,0.3307174887892377,0.1172486618161201,0.2463507205247879,,,0,-0.131300687789917,0.2916666666666667,-0.77989054
UBE2G2,UBE2I,29.1139,27.8788,17,-1.696635,-3.6867871,0.25962797,-0.15069844,0.2948430493273543,0.0070215426385402,0.346291184425354,38.95855,54.0,0,-0.1301925182342529,0.3333333333333333,-1.9437541
AK2,CMPK1,28.5088,27.1967,7,-0.81656307,-2.3453102,0.12929688,-0.13676992,0.2387892376681614,-0.0220961589366197,0.3378215730190277,71.1271,54.0,0,-0.1295501589775085,0.2708333333333333,-0.8784521
RAB8A,RAB10,70.0,67.6329,67,-0.2930774,-2.1749923,0.18442473,0.043426618,0.2522421524663677,0.0674259066581726,0.2773891091346741,63.16335,54.0,0,-0.128194123506546,0.2708333333333333,-0.7553096
YPEL4,YPEL5,29.7521,28.3465,7,-0.6551866,-3.1514325,0.26126772,0.050176125,0.1704035874439461,0.0100815538316965,0.2018190771341323,60.4224,54.0,0,-0.1281927824020385,0.4583333333333333,-0.8582769
RRM2B,RRM2,78.0627,78.0627,1,-2.5746262,-3.9991016,0.3577394,0.13906749,0.1390134529147982,-0.029820779338479,0.1155175864696502,0.3618595,15.0,1,-0.1259329319000244,0.5,-2.3507187
SUGP2,SUGP1,23.876,14.2329,1,-0.653308,-2.0026188,0.07350574,-0.077177025,0.2511210762331838,0.1628844290971756,0.7619017362594604,19.244300000000003,54.0,0,-0.1255841255187988,0.3541666666666667,-0.7277023
SNRPA,SNRPB2,68.8889,54.9645,1,-0.5560225,-2.6990588,0.2523436,-0.22989924,0.2320627802690583,0.0473940558731555,0.1823245286941528,24.7587,54.0,0,-0.1234603524208068,0.2916666666666667,-0.69574803
NAPB,NAPA,83.7288,82.8859,2,-1.1208439,-3.1865747,0.14624582,0.337653,0.1591928251121076,0.0097789550200104,0.2044856995344162,75.1112,54.0,0,-0.1229150295257568,0.2916666666666667,-1.2112628
TUBG1,TUBB,35.3604,34.8115,22,-1.8472339,-3.994862,0.56766653,-1.3799103,0.1748878923766816,0.1055430993437767,0.6658616662025452,201.886,54.0,0,-0.1204683780670166,0.25,-1.682964
SLC2A3,SLC2A1,64.2276,63.7097,13,-0.3005976,-1.9199549,0.18401228,0.08264899,0.1883408071748878,-0.0778407901525497,0.1184523999691009,32.03765,54.0,0,-0.1193115413188934,0.4375,-0.45399213
CCT7,CCT8,26.3352,26.3352,11,-1.2717657,-2.915574,0.16954967,-0.73019713,0.132286995515695,0.3385811746120453,0.603413999080658,84.4731,54.0,1,-0.1182277202606201,0.3333333333333333,-1.259638
PCBP1,PCBP2,80.8989,80.8989,12,-1.3511376,-3.3306127,0.21094355,-1.204083,0.1221973094170403,0.2309071719646453,0.4366395473480224,161.5165,54.0,0,-0.1168107986450195,0.2916666666666667,-1.4272856
DDX49,EIF4A3,29.1971,24.8447,37,-1.8111758,-3.4641573,0.14906982,-2.0033982,0.2488789237668161,-0.1462256759405136,0.3244856297969818,67.7114,54.0,0,-0.1165473461151123,0.4375,-2.0395286
ATP2B4,ATP1A1,29.13,24.7303,14,-1.1452786,-3.1309364,0.44087055,-0.06619466,0.1502242152466367,0.0302792731672525,0.1442131400108337,134.004,54.0,0,-0.1159266233444213,0.2708333333333333,-1.3226542
PTPRG,PTPN11,27.8246,11.4187,20,-0.6237533,-2.3667314,0.18857281,0.032850727,0.4461883408071749,-0.1178317889571189,0.3046645522117615,49.95095,54.0,0,-0.1147525310516357,0.4791666666666667,-0.4320042
PRR3,PPP1R10,43.617,43.617,2,-1.0163671,-2.2695186,0.09987014,-0.029047452,0.1692825112107623,0.0726837292313575,0.5485543608665466,36.13795,54.0,0,-0.1129289269447326,0.6458333333333334,-1.1128777
RFC4,RFC3,26.6854,26.1708,3,-1.5583572,-3.2163267,0.18222234,-0.782487,0.116591928251121,0.0549867637455463,0.6315242648124695,5.370480000000001,53.0,1,-0.1124542951583862,0.2708333333333333,-1.5053784
VARS2,VARS1,49.3885,49.3885,3,-1.5110772,-3.1222217,0.18705113,-0.5157377,0.1816143497757847,0.1210887655615806,0.581935465335846,,,0,-0.1118297576904296,0.375,-1.6498022
UBE2R2,UBE2N,34.2105,21.8487,18,-1.0865471,-3.3057516,0.30201414,0.12086408,0.3139013452914798,-0.0658018440008163,0.3262268304824829,34.99025,54.0,0,-0.1112319231033325,0.25,-1.0191587
DYNLL2,DYNLL1,93.2584,93.2584,1,-0.44703504,-1.7094209,0.13138054,0.20523646,0.1278026905829596,0.0485183298587799,0.1131758168339729,104.075,54.0,1,-0.1106357872486114,0.3333333333333333,-0.6389565
DDX39A,EIF4A1,33.7438,32.0843,38,-1.5480535,-3.584038,0.34774527,-0.040091027,0.2410313901345291,0.1082729697227478,0.3495948612689972,237.7165,54.0,0,-0.1105380058288574,0.3541666666666667,-1.6915518
CCT4,CCT2,30.2804,30.0557,11,-1.3544489,-2.801104,0.15610084,-2.1126766,0.1278026905829596,0.0456011407077312,0.552699089050293,77.15755,54.0,1,-0.1100443601608276,0.25,-1.412189
EEF2,EFTUD2,38.5781,38.5781,9,-1.5257974,-3.0108502,0.124573216,-2.7311661,0.3340807174887892,-0.0328674688935279,0.2142897844314575,27.8855,54.0,0,-0.1081187725067138,0.4583333333333333,-1.584644
UQCRC1,PMPCA,30.4167,30.4167,4,-1.3431804,-2.862703,0.22468068,-0.38671288,0.4024663677130045,-0.004050965886563,0.4856789112091064,34.5925,54.0,0,-0.1075930595397949,0.3958333333333333,-1.3864492
THRAP3,BCLAF1,40.2174,38.7435,2,-0.65640056,-2.3449898,0.1161638,-0.10496174,0.226457399103139,0.060233324766159,0.6927738785743713,37.6088,54.0,1,-0.107162594795227,0.3125,-0.5892558
HSPA4,HSPA9,26.3623,21.3095,11,-2.2513602,-3.60699,0.18136407,0.103274085,0.17152466367713,-0.1082251965999603,0.4955011308193207,114.615,54.0,0,-0.1071486473083496,0.2916666666666667,-2.3080997
YTHDC2,DHX9,26.9291,23.9161,13,-0.791252,-3.8873832,0.13080986,0.13466243,0.1939461883408071,-0.0712075531482696,0.449331521987915,53.72865,54.0,0,-0.106815218925476,0.2916666666666667,-0.7060769
RHOBTB2,RAC1,49.4792,13.0674,19,-0.62385786,-2.3954837,0.16683435,0.11774786,0.4596412556053811,-0.2022580504417419,0.09160927683115,204.103,54.0,0,-0.106350839138031,0.4166666666666667,-0.8946125
POLR1A,POLR3A,29.4245,23.7791,1,-2.5012085,-3.9875898,0.2546459,-1.332087,0.1311659192825112,0.1947579532861709,0.6978441476821899,6.866709999999999,54.0,0,-0.1038627624511718,0.25,-2.6032016
ACTG2,ACTR2,48.1383,48.1383,26,-1.2239952,-2.8780363,0.20504369,0.17819478,0.0874439461883408,-0.0222995989024639,0.1835497468709945,69.82884999999999,54.0,0,-0.1038180589675903,0.3958333333333333,-1.2652522
UBE2E1,UBE2L3,37.013,29.5337,12,-1.1528394,-2.6273124,0.21771915,0.16256587,0.3475336322869955,-0.0914710536599159,0.1722107231616974,59.7441,54.0,0,-0.1026630401611328,0.25,-1.1754125
CSK,PTK2,29.5556,29.5556,32,-0.44517908,-2.1828945,0.20773812,0.07530633,0.2219730941704036,0.0057823788374662,-0.2726194560527801,18.29025,53.0,0,-0.1005527973175048,0.4583333333333333,-0.50765306
